{
	"credit": "Yuushya",
	"textures": {
		"particle": "block/iron_trapdoor",
		"texture": "block/iron_trapdoor"
	},
	"elements": [
		{
			"name": "iron_trapdoor_0",
			"from": [0, 13, 0],
			"to": [16, 14, 3],
			"rotation": {"angle": 0, "axis": "y", "origin": [7.90963, 14.53529, 8.57451]},
			"faces": {
				"north": {"uv": [16, 0, 0, 1], "texture": "#texture"},
				"east": {"uv": [15, 0, 16, 3], "rotation": 90, "texture": "#texture"},
				"south": {"uv": [0, 2, 16, 3], "texture": "#texture"},
				"west": {"uv": [0, 0, 1, 3], "rotation": 270, "texture": "#texture"},
				"up": {"uv": [0, 0, 16, 3], "texture": "#texture"},
				"down": {"uv": [0, 3, 16, 0], "texture": "#texture"}
			}
		},
		{
			"name": "iron_trapdoor_1",
			"from": [0, 13, 3],
			"to": [3, 14, 16],
			"rotation": {"angle": 0, "axis": "y", "origin": [7.90963, 14.53529, 8.57451]},
			"faces": {
				"north": {"uv": [3, 3, 0, 4], "texture": "#texture"},
				"east": {"uv": [2, 3, 3, 16], "rotation": 90, "texture": "#texture"},
				"south": {"uv": [0, 15, 3, 16], "texture": "#texture"},
				"west": {"uv": [0, 3, 1, 16], "rotation": 270, "texture": "#texture"},
				"up": {"uv": [0, 3, 3, 16], "texture": "#texture"},
				"down": {"uv": [0, 16, 3, 3], "texture": "#texture"}
			}
		},
		{
			"name": "iron_trapdoor_2",
			"from": [13, 13, 3],
			"to": [16, 14, 16],
			"rotation": {"angle": 0, "axis": "y", "origin": [7.90963, 14.53529, 8.57451]},
			"faces": {
				"north": {"uv": [16, 3, 13, 4], "texture": "#texture"},
				"east": {"uv": [15, 3, 16, 16], "rotation": 90, "texture": "#texture"},
				"south": {"uv": [13, 15, 16, 16], "texture": "#texture"},
				"west": {"uv": [13, 3, 14, 16], "rotation": 270, "texture": "#texture"},
				"up": {"uv": [13, 3, 16, 16], "texture": "#texture"},
				"down": {"uv": [13, 16, 16, 3], "texture": "#texture"}
			}
		},
		{
			"name": "iron_trapdoor_3",
			"from": [3, 13, 13],
			"to": [13, 14, 16],
			"rotation": {"angle": 0, "axis": "y", "origin": [7.90963, 14.53529, 8.57451]},
			"faces": {
				"north": {"uv": [13, 13, 3, 14], "texture": "#texture"},
				"east": {"uv": [12, 13, 13, 16], "rotation": 90, "texture": "#texture"},
				"south": {"uv": [3, 15, 13, 16], "texture": "#texture"},
				"west": {"uv": [3, 13, 4, 16], "rotation": 270, "texture": "#texture"},
				"up": {"uv": [3, 13, 13, 16], "texture": "#texture"},
				"down": {"uv": [3, 16, 13, 13], "texture": "#texture"}
			}
		},
		{
			"name": "iron_trapdoor_0",
			"from": [0, 15, 0],
			"to": [16, 16, 3],
			"rotation": {"angle": 0, "axis": "y", "origin": [7.90963, 14.53529, 8.57451]},
			"faces": {
				"north": {"uv": [16, 0, 0, 1], "texture": "#texture"},
				"east": {"uv": [15, 0, 16, 3], "rotation": 90, "texture": "#texture"},
				"south": {"uv": [0, 2, 16, 3], "texture": "#texture"},
				"west": {"uv": [0, 0, 1, 3], "rotation": 270, "texture": "#texture"},
				"up": {"uv": [0, 0, 16, 3], "texture": "#texture"},
				"down": {"uv": [0, 3, 16, 0], "texture": "#texture"}
			}
		},
		{
			"name": "iron_trapdoor_1",
			"from": [0, 15, 3],
			"to": [3, 16, 16],
			"rotation": {"angle": 0, "axis": "y", "origin": [7.90963, 14.53529, 8.57451]},
			"faces": {
				"north": {"uv": [3, 3, 0, 4], "texture": "#texture"},
				"east": {"uv": [2, 3, 3, 16], "rotation": 90, "texture": "#texture"},
				"south": {"uv": [0, 15, 3, 16], "texture": "#texture"},
				"west": {"uv": [0, 3, 1, 16], "rotation": 270, "texture": "#texture"},
				"up": {"uv": [0, 3, 3, 16], "texture": "#texture"},
				"down": {"uv": [0, 16, 3, 3], "texture": "#texture"}
			}
		},
		{
			"from": [3, 14.5, 3],
			"to": [13, 14.5, 13],
			"rotation": {"angle": 0, "axis": "y", "origin": [7.90963, 14.53529, 8.57451]},
			"faces": {
				"north": {"uv": [0, 0, 10, 0], "texture": "#texture"},
				"east": {"uv": [0, 0, 10, 0], "texture": "#texture"},
				"south": {"uv": [0, 0, 10, 0], "texture": "#texture"},
				"west": {"uv": [0, 0, 10, 0], "texture": "#texture"},
				"up": {"uv": [3, 3, 13, 13], "texture": "#texture"},
				"down": {"uv": [3, 3, 13, 13], "texture": "#texture"}
			}
		},
		{
			"name": "iron_trapdoor_0",
			"from": [-0.32733, 14.4, 6.59613],
			"to": [15.67267, 15.4, 9.59613],
			"rotation": {"angle": 45, "axis": "y", "origin": [7.90963, 14.53529, 8.57451]},
			"faces": {
				"north": {"uv": [16, 0, 0, 1], "texture": "#texture"},
				"east": {"uv": [15, 0, 16, 3], "rotation": 90, "texture": "#texture"},
				"south": {"uv": [0, 2, 16, 3], "texture": "#texture"},
				"west": {"uv": [0, 0, 1, 3], "rotation": 270, "texture": "#texture"},
				"up": {"uv": [0, 0, 16, 3], "texture": "#texture"},
				"down": {"uv": [0, 3, 16, 0], "texture": "#texture"}
			}
		},
		{
			"name": "iron_trapdoor_0",
			"from": [6.77267, 14.9, 0.09613],
			"to": [9.77267, 15.9, 16.09613],
			"rotation": {"angle": 45, "axis": "y", "origin": [7.90963, 14.53529, 8.57451]},
			"faces": {
				"north": {"uv": [15, 0, 16, 3], "rotation": 90, "texture": "#texture"},
				"east": {"uv": [0, 2, 16, 3], "texture": "#texture"},
				"south": {"uv": [0, 0, 1, 3], "rotation": 270, "texture": "#texture"},
				"west": {"uv": [16, 0, 0, 1], "texture": "#texture"},
				"up": {"uv": [0, 0, 16, 3], "rotation": 270, "texture": "#texture"},
				"down": {"uv": [0, 3, 16, 0], "rotation": 90, "texture": "#texture"}
			}
		},
		{
			"name": "iron_trapdoor_0",
			"from": [6.77267, 13.9, 0.09613],
			"to": [9.77267, 14.9, 16.09613],
			"rotation": {"angle": 45, "axis": "y", "origin": [7.90963, 14.53529, 8.57451]},
			"faces": {
				"north": {"uv": [15, 0, 16, 3], "rotation": 90, "texture": "#texture"},
				"east": {"uv": [0, 2, 16, 3], "texture": "#texture"},
				"south": {"uv": [0, 0, 1, 3], "rotation": 270, "texture": "#texture"},
				"west": {"uv": [16, 0, 0, 1], "texture": "#texture"},
				"up": {"uv": [0, 0, 16, 3], "rotation": 270, "texture": "#texture"},
				"down": {"uv": [0, 3, 16, 0], "rotation": 90, "texture": "#texture"}
			}
		},
		{
			"name": "iron_trapdoor_0",
			"from": [-0.32733, 13.4, 6.59613],
			"to": [15.67267, 14.4, 9.59613],
			"rotation": {"angle": 45, "axis": "y", "origin": [7.90963, 14.53529, 8.57451]},
			"faces": {
				"north": {"uv": [16, 0, 0, 1], "texture": "#texture"},
				"east": {"uv": [15, 0, 16, 3], "rotation": 90, "texture": "#texture"},
				"south": {"uv": [0, 2, 16, 3], "texture": "#texture"},
				"west": {"uv": [0, 0, 1, 3], "rotation": 270, "texture": "#texture"},
				"up": {"uv": [0, 0, 16, 3], "texture": "#texture"},
				"down": {"uv": [0, 3, 16, 0], "texture": "#texture"}
			}
		},
		{
			"name": "iron_trapdoor_2",
			"from": [13, 15, 3],
			"to": [16, 16, 16],
			"rotation": {"angle": 0, "axis": "y", "origin": [7.90963, 14.53529, 8.57451]},
			"faces": {
				"north": {"uv": [16, 3, 13, 4], "texture": "#texture"},
				"east": {"uv": [15, 3, 16, 16], "rotation": 90, "texture": "#texture"},
				"south": {"uv": [13, 15, 16, 16], "texture": "#texture"},
				"west": {"uv": [13, 3, 14, 16], "rotation": 270, "texture": "#texture"},
				"up": {"uv": [13, 3, 16, 16], "texture": "#texture"},
				"down": {"uv": [13, 16, 16, 3], "texture": "#texture"}
			}
		},
		{
			"name": "iron_trapdoor_3",
			"from": [3, 15, 13],
			"to": [13, 16, 16],
			"rotation": {"angle": 0, "axis": "y", "origin": [7.90963, 14.53529, 8.57451]},
			"faces": {
				"north": {"uv": [13, 13, 3, 14], "texture": "#texture"},
				"east": {"uv": [12, 13, 13, 16], "rotation": 90, "texture": "#texture"},
				"south": {"uv": [3, 15, 13, 16], "texture": "#texture"},
				"west": {"uv": [3, 13, 4, 16], "rotation": 270, "texture": "#texture"},
				"up": {"uv": [3, 13, 13, 16], "texture": "#texture"},
				"down": {"uv": [3, 16, 13, 13], "texture": "#texture"}
			}
		},
		{
			"name": "iron_trapdoor_0",
			"from": [0, 14, 0],
			"to": [16, 15, 3],
			"rotation": {"angle": 0, "axis": "y", "origin": [7.90963, 14.53529, 8.57451]},
			"faces": {
				"north": {"uv": [16, 1, 0, 2], "texture": "#texture"},
				"east": {"uv": [14, 0, 15, 3], "rotation": 90, "texture": "#texture"},
				"south": {"uv": [0, 2, 16, 3], "texture": "#texture"},
				"west": {"uv": [1, 0, 2, 3], "rotation": 270, "texture": "#texture"},
				"up": {"uv": [0, 0, 16, 3], "texture": "#texture"},
				"down": {"uv": [0, 3, 16, 0], "texture": "#texture"}
			}
		},
		{
			"name": "iron_trapdoor_1",
			"from": [0, 14, 3],
			"to": [3, 15, 16],
			"rotation": {"angle": 0, "axis": "y", "origin": [7.90963, 14.53529, 8.57451]},
			"faces": {
				"north": {"uv": [3, 3, 0, 4], "texture": "#texture"},
				"east": {"uv": [2, 3, 3, 16], "rotation": 90, "texture": "#texture"},
				"south": {"uv": [0, 14, 3, 15], "texture": "#texture"},
				"west": {"uv": [1, 3, 2, 16], "rotation": 270, "texture": "#texture"},
				"up": {"uv": [0, 3, 3, 16], "texture": "#texture"},
				"down": {"uv": [0, 16, 3, 3], "texture": "#texture"}
			}
		},
		{
			"name": "iron_trapdoor_2",
			"from": [13, 14, 3],
			"to": [16, 15, 16],
			"rotation": {"angle": 0, "axis": "y", "origin": [7.90963, 14.53529, 8.57451]},
			"faces": {
				"north": {"uv": [16, 3, 13, 4], "texture": "#texture"},
				"east": {"uv": [14, 3, 15, 16], "rotation": 90, "texture": "#texture"},
				"south": {"uv": [13, 14, 16, 15], "texture": "#texture"},
				"west": {"uv": [13, 3, 14, 16], "rotation": 270, "texture": "#texture"},
				"up": {"uv": [13, 3, 16, 16], "texture": "#texture"},
				"down": {"uv": [13, 16, 16, 3], "texture": "#texture"}
			}
		},
		{
			"name": "iron_trapdoor_3",
			"from": [3, 14, 13],
			"to": [13, 15, 16],
			"rotation": {"angle": 0, "axis": "y", "origin": [7.90963, 14.53529, 8.57451]},
			"faces": {
				"north": {"uv": [13, 13, 3, 14], "texture": "#texture"},
				"east": {"uv": [12, 13, 13, 16], "rotation": 90, "texture": "#texture"},
				"south": {"uv": [3, 14, 13, 15], "texture": "#texture"},
				"west": {"uv": [3, 13, 4, 16], "rotation": 270, "texture": "#texture"},
				"up": {"uv": [3, 13, 13, 16], "texture": "#texture"},
				"down": {"uv": [3, 16, 13, 13], "texture": "#texture"}
			}
		}
	],
	"groups": [
		{
			"name": "iron_trapdoor",
			"origin": [8, 8, 8],
			"children": [0, 1, 2, 3,
				{
					"name": "iron_trapdoor",
					"origin": [8, 8, 8],
					"children": [4, 5, 6, 7, 8, 9, 10, 11, 12]
				},
				{
					"name": "iron_trapdoor",
					"origin": [8, 8, 8],
					"children": [13, 14, 15, 16]
				}
			]
		}
	]
}